Article,Title,Description,Date,URL,Content
0,"Opinion: For LGBTQ Americans like me, pop culture is the lifeline we need","When Ryan Murphy accepted the Carol Burnett Award at the Golden Globes this week, he didn't thank his mother or God. He thanked award-winning gay actor Billy Porter, who presented Murphy with his award while wearing a transcendent tuxedo gown, and trans actreâ€¦",2023-01-11T20:40:53Z,https://www.cnn.com/2023/01/11/opinions/ryan-murphy-golden-globes-lgbtq-tar-sort-of-hope-ctrp/index.html,Editors Note Allison Hope is a writer whose work has been featured in The New Yorker The New York Times The Washington Post CNN Slate and elsewhere. The views expressed here are the authors. Read more opinion on CNN. When Ryan Murphy accepted the Carol Burnett Award at the Golden Globes this week he didnt thank his mother or God. He thanked awardwinning gay actor Billy Porter who presented Murphy with his award while wearing a transcendent tuxedo gown and trans actress MJ Rodriguez who broke barriers at last years untelevised Golden Globes as the first trans actress to win a Golden Globe. Citing a litany of their accomplishments Murphy went on to acknowledge by name and hometown as he had with Porter and Rodriguez Niecy NashBetts Matt Bomer and Jeremy Pope. He called them a beacon of hope and progress. Murphys emotional speech on the evolution of queer representation in entertainment beginning with his urging the room of celebrities to stand and deliver to Rodriguez the televised standing ovation she hadnt gotten last year was a powerful reminder that queer people are so often talked about when theyre not in the room that for so long weve put in the work and not gotten the recognition. It was also an incredibly inspiring moment the queering of a major Hollywood event a rainbow punctuation on a growing bevy of artistic work from films such as Tr to shows such as Sort Of showcasing the creative power of LGBTQ storytelling and expression. Its clear that culture is perhaps by necessity carrying the weight of progress right now. Murphys speech was a particular bright spot in an increasingly dark political moment for LGBTQ Americans. A recent Pew Research poll shows that the majority of Americans including the majority of Republicans and Black Americans regardless of party believe that gender is determined by sex assigned at birth complicating the LGBTQ advocacy communitys efforts to clap back against the battery of bills blocking trans peoples access to health care and athletics. It doesnt help matters that there is a growing narrative around trans people detransitioning a very small occurrence that is being exploited in the ongoing culture wars to legislate against trans and LGBTQ Americans. For the trans adolescent who feels like their government doesnt want them to access the potentially lifesaving health care they need or the queer teacher who is forced to hide the picture of their spouse at work or the kid with two moms who fears getting bullied or for his familys future the political landscape has become a battlefield. Extremist rightwing leaders are weaponizing classrooms and doctors offices sports fields and public gathering spaces. Against this backdrop these cultural moments Rodriguez getting a standing ovation in real life Cate Blanchett playing a powerful and flawed protagonist in fiction create muchneeded respite. They give LGBTQ people hope that there is light at the end of the tunnel that we can be celebrated on screen and off as complex imperfect beautiful human beings just like everyone else. Murphys hopeful speech lifting up queer role models stands in refreshing contrast to all the vitriol. It amplifies recent and continued LGBTQ gains in pop culture and entertainment. Netflixs Stranger Things actor Noah Schnapp recently came out in a Tik Tok video. HBOs Sort Of centers nonbinary queer Pakistani Canadian actor Bilal Baig in the freshest and queerest show Ive seen in a long time. HBO shares a parent company with CNN. The rich textured Oscar frontrunner Tr is a momentous step in the mainstream development of portraying queer characters. Take Blanchett in the stunning 2015 Carol. At the time a groundbreaking cinematic moment in centering queer representation it was still steeped in the plot of tragic punishment for being LGBTQ. Blanchetts character a closeted divorcing 1950s housewife in this film based on Patricia Highsmiths novel The Price of Salt pays the ultimate price for being her true self when she gets caught in an affair with a woman played by Rooney Mara the loss of custody of her daughter. Seven years later in Tr the same magnificent actor faces down epic tragedy with a major distinction namely that her undoing is all her doing agnostic of her LGBTQ status. Protagonist Lydia Tar is an abusive brilliant composer and musician who just happens to be a lesbian. Blanchetts development as an onscreen lesbian well forgive her for not being a lesbian in real life because shes Cate Blanchett and Murphys moment in the spotlight at the Golden Globes this week demonstrate that weve arrived that were capable of creating mainstream blockbuster hits that upstage queer representation without having to lean on tropes or typecasting. Get our free weekly newsletter Seeing ourselves represented is one big step in creating the next generation of selfassured LGBTQ Americans and our families who just want to feel safe being ourselves and moving through our everyday lives. Whether these moments are enough to create a leap for LGBTQ equality more broadly remains to be seen particularly against the backdrop of the rightwing American political landscape as it stands. Its hard being an LGBTQ kid in America in fact all over the world Murphy said. You were often told you will never become anything. You have to hide your life to survive. But for those kids watching tonight I offer up MJ and Billy and Niecy and Matt and Jeremy as examples of possibility. There is a way forward. Murphys career success alongside the other queer Hollywood Alisters he honored with his words are testament that we have made strides. No matter how much the divisive political hellscape threatens to pull us back from progress pop culture shows us that maybe just maybe its possible that weve come too far to turn back now.
1,Democratic Rep. Katie Porter is eyeing a potential California Senate run in 2024: Politico,"Porter, a third-term lawmaker who was reelected last November in her Orange County-anchored district, is a top national progressive star.",2023-01-07T21:14:18Z,https://www.businessinsider.com/katie-porter-potential-2024-california-senate-bid-feinstein-democrats-2023-1,Democratic Rep. Katie Porter announces shes running for California Senate and shes not waiting for Sen. Dianne Feinstein to step aside Rep. Katie Porter of California on Tuesday officially announced a 2024 Senate bid. Sen. Feinstein is up for reelection in 2024 but hasnt yet announced whether shell run for another term. Rep. Katie Porter of California one of the most prominent progressive Democrats in the country will run for the Senate in 2024. Porter a thirdterm lawmaker who was reelected last November in her Orange Countyanchored district boasts strong ties to leading progressive groups and has molded a profile in Congress as someone who sharply questions powerful business leaders from her perch on the House Oversight Committee. In times like these California needs a warrior in Washington she said in her official campaign announcement on Tuesday. I dont do Congress the way others often do. I use whatever power I have to speak hard truths to the powers that be to not just challenge the status quo but call it out name names and demand justice she continued to say. That goes for taking on Wall Street and the big banks big oil and big pharma. Its why I refused to accept corporate PAC and lobbyist campaign money. I dont want it. And Im leading the fight to ban congressional stock trading because its just wrong. To win these fights its time for new leadership in the Senate. At the moment 89yearold Democratic Sen. Dianne Feinstein a former San Francisco mayor who has served in the upper chamber since 1992 could very well seek reelection. Feinstein now in her fifth term is widely expected to retire after the upcoming 2024 cycle but she has not yet made a decision on her intentions. Everyone is of course welcome to throw their hat in the ring and I will make an announcement concerning my plans for 2024 at the appropriate time the senator said in a statement on Tuesday. Right now Im focused on ensuring California has all the resources it needs to cope with the devastating storms slamming the state and leaving more than a dozen dead. In entering the race Porter is staking out a lane as an lawmaker who would usher in a different sort of governance. Katie Porter katieporteroc January 10 2023 Change can be electrifying and exhilarating but change can also be disruptive like the constant assault on our democracy and the dangerous imbalance in our economy the lawmaker said in her announcement. The threat from socalled leaders like Mitch McConnell has too often made the United States Senate the place where rights get revoked special interests get rewarded and our democracy gets rigged. While in the House Porter has become nationallyknown for her use of whiteboards where she has been unrelenting in grilling chief executives about their business practices and how they affect consumers. I think about the whiteboard as a teaching tool she told Yahoo Finance in an interview last year. The American people are owed answers from their government and the whiteboard is a way to help make it easier for everyday people to understand what Washington is getting done or not getting done to solve their problems. Porter was first elected to office in 2018 unseating thenRepublican Rep. Mimi Walters by four points 5248 in a wave year that saw Democrats win every Orange Countybased congressional district. She was reelected in 2020 defeating former Mission Viejo mayor Greg Raths by seven points 53. 546. 5. In November Porter won a tough reelection race edging out former California assemblyman Scott Baugh by four points 5248. Candidates who might compete against Porter in a potential open seat include Rep. Barbara Lee a liberal icon who represents a district in the San Francisco Bay Area Rep. Adam Schiff the former chairman of the House Intelligence Committee who represents a Los Angelesarea district and Rep. Ro Khanna a 46yearold Bay Area progressive who was a national cochair of Sen. Bernie Sanders 2020 presidential campaign. SMBs can easily upskill their workforce using this effective learning management solution Device deployment hits 1 million for two straight quarters How Paytm Soundbox is fuelling growth Jack Ma the billionaire founder of Alibaba who disappeared from public view in 2020 appears to resurface in Thailand as he prepares to give up control of his company Amazon Great Republic Day Sale best deals on phones iPhone 13 OnePlus Nord 2T 5G Redmi A1 and more Wipro sees FY23 revenue growth at 11. 512 Q3 profit growth beats analyst expectations Rupee falls 4 paise to close at 81. 34 against US dollar 13th Gen Intel Core i913900KS brings unprecedented speed to desktop users Credit expansion will taper down next year if deposits growth doesnt rise Axis Bank MD
2,"In an ancient forest, I look for peace â€“ but instead I find Happy the puppy | Max Porter","As I lie down under a 2,000-year-old small-leaved lime coppice, I contemplate what is truly sacred<ul><li>What was the image on your phone that defined 2022? Writers give their perspectives</li></ul>This is me trying to have a sacred encounter with the 2,000-â€¦",2022-12-23T12:00:04Z,https://www.theguardian.com/commentisfree/2022/dec/23/max-porter-2000-year-old-small-leaved-lime-coppice-peace-sacred,This is me trying to have a sacred encounter with the 2000yearold smallleaved lime coppice at Westonbirt Arboretum. Because of my terrible hunched posture Im always looking for an opportunity to lie down and alleviate the pain in my back. Because of my great love of trees I am always looking for an opportunity to lie down in a woodland. And because we lost a beloved cousin tragically young this summer I was also looking for opportunities to be quiet and think of him and have a little cry. This was my moment. We recently welcomed a puppy to our family and he has taken a special liking to me because Im the person who walks him and feeds him Im not really a dog person so hes made it his personal mission to convert me. I guess its working I love him in a sort of gently revelatory deeply trying mustlearntobepatient way. He joined me in the ancient green cavern whining. I dont like to have my face licked when Im having a reflective moment. His name is Happy so if you were passing the lime coppice you would have heard me saying No Happy. Fucks sake Happy. Happy please leave me alone for two seconds. This photograph shows the moment my youngest son came into the coppice to try to coax him out. Happy is so baffled. I suppose hes wondering why Im on the ground. I am wearing Vivobarefoot shoes and white socks a deadly sexy look I think youll agree and my wife and other sons are calling HAPPY HAPPY and one of them is reading me the sign about the 20year coppicing cycle and the blend of traditional and modern forestry techniques and one of them is asking when precisely I preordered Fifa 23 and when might it arrive and I can feel that the water bottle is leaking in my rucksack so my makeshift pillow is becoming wet and the light is so extraordinarily beautiful coming through the neon green of the lime leaves. It is pretty humbling that this same thing has been living here in this spot for two millennia and humans have collaborated with it to help it adapt and survive so I get my phone out to take a picture but my phone is full of thousands of pictures of trees and the better photo is my son patiently imploring Happy to leave me alone leave me be let me have my two minutes alone so I take this photo and then another son comes in and asks me to join in the argument about whether they can have fizzy drinks at the cafe and I like the idea that this tree has overheard 2000 years of very mundane human chat and it reminds me of Amitav Ghoshs observation that on a different timescale it might appear evident that trees are gardening humans. Then the dog and a child help me up and on we go. Max Porters new novel Shy is out next year
3,California Rep. Katie Porter announces 2024 Senate bid,California Democrat Rep. Katie Porter announced on Tuesday on Twitter that she will seek Sen. Dianne Feinstein's Senate seat in 2024.,2023-01-10T16:22:07Z,https://abcnews.go.com/Politics/california-rep-katie-porter-announces-2024-senate-bid/story?id=96337549,Democratic Rep. Katie Porter announced on Tuesday morning her candidacy for Californias Senate seat currently held by fellow Democrat Sen. Dianne Feinstein the longestserving female senator in history. In her announcement video posted to Twitter Porter said its time for new leadership in the U. S. Senate. I dont do Congress the way others often do. I use whatever power I have speak hard truths to the powers that be Porter said. To not just challenge the status quo but call it out. Porters video shows images of the Capitol attack noting the threat of a constant assault on our democracy before she calls out Senate Minority Leader Mitch McConnell by name and socalled leaders for she says having made the Senate a place where rights get revoked special interests get rewarded and our democracy gets rigged. Especially in times like these California needs a warrior in Washington and thats exactly why Im announcing my candidacy for the United States Senate in 2024 Porter said. Although Feinstein whos 89 has not announced whether shell seek reelection other California Democrats may be eyeing the seat including Reps. Barbara Lee and Adam Schiff. Everyone is of course welcome to throw their hat in the ring and I will make an announcement concerning my plans for 2024 at the appropriate time Feinstein said in a statement hours after Porters video. Right now Im focused on ensuring California has all the resources it needs to cope with the devastating storms slamming the state. California has a jungle primary which means two Democrats could be pitted against each other during the general election. Porter 49 a progressive star in the Democratic party won reelection this past November in a tight race for Californias 47th Congressional District. The former middle school math teacher and law professor has served in the House of Representatives since 2019. She holds a closely divided district and has lagged behind California Democrats cycle after cycle. A mother of three Porter has gained social media notoriety for her interrogations using whiteboards on the Oversight and Natural Resources Committees even bringing the props to latenight television appearances. Just last week she appeared to subtly troll Republicans during marathon speakership votes as she read a carefullytitled book on the House floor. While its speculated that Feinstein will not run again in 2024 the senator has not directly commented on her political future despite questions regarding her health and age. Feinstein has been a crusader for female representation in Congress. This past November she became the longestserving woman senator surpassing Sen. Barbara Mikulski of Maryland. It has been a great pleasure to watch more and more women walk the halls of the Senate. We went from two women senators when I ran for office in 1992 to 24 today and I know that number will keep climbing Feinstein said. The term for Californias other senator Alex Padilla expires in 2029.
4,New York man sentenced to 2 years for conspiring to steal GE trade ... - Reuters,"A New York man was sentenced on Tuesday to two years in prison for conspiring to steal General Electric Co's <a href=""https://www.reuters.com/companies/GE.N"" target=""_blank"">(GE.N)</a> trade secrets to benefit China, the U.S. Justice Department said in a statâ€¦",2023-01-03T21:46:00Z,https://www.reuters.com/legal/new-york-man-sentenced-2-years-conspiring-steal-ge-trade-secrets-china-2023-01-03/,New York man sentenced to 2 yrs for conspiring to steal GE secrets for China Companies WASHINGTON Jan 3 Reuters A New York man was sentenced on Tuesday to two years in prison for conspiring to steal General Electric Cos GE. N trade secrets to benefit China the U. S. Justice Department said. Xiaoqing Zheng 59 of Niskayuna New York was convicted of conspiracy to commit economic espionage following a fourweek jury trial that ended in March last year according to the Justice Department. U. S. District Judge Mae DAgostino also sentenced Zheng to pay a 7500 fine and serve one year of postimprisonment supervised release. U. S. officials have said the Chinese government poses the biggest longterm threat to U. S. economic and national security and is carrying out unprecedented efforts to steal critical technology from U. S. businesses and researchers. China denies the allegations. Zheng was employed at GE Power in Schenectady New York as an engineer specializing in turbine sealing technology. He worked at GE from 2008 until the summer of 2018 the Justice Department said. The trial evidence showed Zheng and others in China conspired to steal GEs trade secrets surrounding its groundbased and aviationbased turbine technologies to benefit China including Chinabased companies and universities that research and manufacture parts for turbines the Justice Department added. This is a case of textbook economic espionage. Zheng exploited his position of trust betrayed his employer and conspired with the government of China to steal innovative American technology said Assistant Attorney General Matthew Olsen of the Justice Departments national security division. The United States had accused the former GE engineer and another Chinese businessman named Zhaoxi Zhang in 2019 of stealing secrets and spying on GE to aid China. Zheng had pleaded not guilty at the time. A U. S. federal court in Cincinnati sentenced a Chinese national in November to 20 years in prison after he was convicted of plotting to steal trade secrets from several U. S. aviation and aerospace companies. Our Standards The Thomson Reuters Trust Principles.
5,Brazil's Bolsonaro hospitalized in the U.S. with abdominal pain - report - Reuters.com,"Former Brazilian President Jair Bolsonaro was admitted to a hospital in Orlando, Florida, with ""abdominal pain,"" newspaper O Globo reported on Monday, a day after some of his hardcore supporters stormed the capital city of Brasilia.",2023-01-09T17:11:00Z,https://www.reuters.com/world/americas/brazils-bolsonaro-hospitalized-us-with-abdominal-pain-report-2023-01-09/,Brazils Bolsonaro hospitalized in the U. S. with abdominal pain report SAO PAULO Jan 9 Reuters Former Brazilian President Jair Bolsonaro was admitted to a hospital in Orlando Florida with abdominal pain newspaper O Globo reported on Monday a day after some of his hardcore supporters stormed the capital city of Brasilia. Bolsonaro has been hospitalized multiple times in recent years with gut blockages after being stabbed while campaigning for the presidency in 2018. He traveled to the United States two days before Luiz Inacio Lula da Silva took the office of president. Our Standards The Thomson Reuters Trust Principles.
6,"Homebuyers hope 'patience pays off' as prices drop, recession predictions loom - CTV News",Some prospective buyers have lamented the torrid pace Canada's real estate market has moved at in recent years. But many feel 2023 may be the year their luck changes.,2023-01-08T16:45:38Z,https://www.ctvnews.ca/business/homebuyers-hope-patience-pays-off-as-prices-drop-recession-predictions-loom-1.6222148,Homebuyers hope patience pays off as prices drop recession predictions loom Andrew Hamilton and his wife bid farewell to their home in Torontos Junction neighbourhood roughly a year and a half ago when housing prices were soaring but finding a new abode proved tricky. With no available homes meeting their needs or price range the couple opted to temporarily use the equity they got from selling their house on a rental property in Etobicoke. But they still have one eye on the market and are hoping the current cooldown will deepen enough for them to snag another home. Patience I think will pay off said Hamilton. His sentiments are common throughout the sector especially with prospective buyers who have lamented the torrid pace Canadas real estate market has moved at in recent years. But many feel 2023 may be the year their luck changes. Prices have steadily declined since last spring bidding wars are less frequent and economists foresee an end to the Bank of Canadas quick succession of interest rate hikes that have added hundreds if not thousands of dollars to monthly mortgage payments. It just takes time said Despina Zanganas a Toronto Realtor with PSR Brokerage. She expects buyers who delayed purchases will feel more comfortable this year as the changed housing market sinks in. Theyre getting used to it she said. People are saying that they dont have to go into bidding wars and put in unconditional offers. Now they have the freedom to put in conditional offers so thats giving a lot of people a bit more confidence. But theres at least one major change that could be on the horizon. Economists have been predicting 2023 will be the year Canada enters another recession though its unclear how severe the downturn will be. Douglas Porter sees a 25 to 30 per cent chance Canadas economy nails a soft landing when inflation and interest rate hikes gently end helping avoid a recession. Theres a 50 per cent chance of a shallow downturn and a 20 to 25 per cent chance of something more serious. All of those have implications for the housing market said the chief economist at BMO Capital Markets. Clearly the less intense the hit to the economy the better the news is for the housing market. Even in current conditions he sees the housing market as one of the weakest parts of the economy a phenomenon unseen in years if not decades. His forecast predicts that by the time the current economic cycle is complete home prices will have fallen by between 20 and 25 per cent from their peak noting they have already dropped 10 per cent. The Canadian Real Estate Association said last month that the actual national average home price was 632802 in November a 12 per cent decline from the same month last year. As prices tick down Porter said the market sits in suspended animation with sellers wary of listing their properties because they wont fetch what neighbours did last year and buyers sitting on the sidelines waiting for better mortgage rates and more inventory. Certainly you dont want to jump in and buy when it looks as if prices can drop a whole lot more Porter said. The decreases seen so far have been offset by a rapid string of hikes to the Bank of Canadas key interest rate which sits at 4. 25 per cent the highest its been since January 2008. Allison Van Rooijen vicepresident of consumer credit at Meridian Credit Union estimated the latest hike half a percentage point in December would bump payments on a 450000 variablerate mortgage on a 25year amortization up another 130 or so every month. Since the beginning of 2022 rising rates have amounted to roughly 1000 more per month for the same mortgage. To me the interest rates story is the biggest one this year that will have the biggest effect by far said Porter. The reality is the price correction weve seen so far really hasnt even made up for the run up in interest rates. I would still assert that the market is still digesting the interest rate increase and we havent seen it fully reflected in prices yet. The Toronto Regional Real Estate Board said Thursday that the average price sat at 1051216 in December a 9. 2 per cent fall from a year ago. A day earlier the Real Estate Board of Greater Vancouver reported the composite benchmark price now sits at 1114300 a three per cent decrease from December 2021 and on Tuesday the Calgary Real Estate Board revealed the average price was up four per cent to 495231. Porter expects the Prairies to be the most resilient market because it didnt encounter as much of an overvaluation as other regions did in the first years of the COVID19 pandemic. He sees the Atlantic provinces and some parts of British Columbia in the middle of the pack because they didnt have quite the boom that Ontario had but are now grappling with an increase in immigration. Hell be watching mediumsized cities in southwestern Ontario like Hamilton Kitchener London and Windsor most closely because they absolutely took off during the pandemic but have since slid into a deep correction. Porter will be looking to see whether they are showing signs of stabilization which could be an omen for the broader market. But he warns the unprecedented nature of the pandemic makes the current housing market tough for anyone to predict. The housing market might hold up a bit better than what were anticipating just because it is such an unusual cycle he said. But I dont think any of us can have a great deal of confidence in our forecasts these days because theres so many unique aspects to this economy that were dealing with. This report by The Canadian Press was first published Jan. 8 2023. MORE Business News YOUR FINANCES Beside myself Report details challenges of finding affordable housing in northern Canada Finding an affordable place to live in the territories where housing has long been a challenge is getting even harder the Canada Mortgage and Housing Corporation suggested in a report released in December. In Yellowknife the report said the growing senior population urbanization and strong labour market has pressured the housing supply. Looking for a job or career change These skills will be in high demand in 2023 experts say Canada is suffering from a severe skills shortage in several key sectors experts say thanks to factors that include deficiencies in our education system as well as changing demographics. CTVNews. ca looks at some of the skills that will be most indemand in 2023. Dont neglect bonds this year despite tough 2022 experts say Bond portfolios took a beating in 2022 as interest rates climbed but experts say investors shouldnt neglect bonds this year as the Bank of Canada nears the end of its rate hike cycle. Thinking of buying or selling a home in 2023 Real estate broker shares some tips Even with a much cooler housing market 2023 may still present opportunities for both buyers and sellers in Canada one real estate broker says. How to help your money grow in 2023 against a backdrop of economic uncertainty Canadian investors who made it through a tumultuous 2022 face further uncertainty in the year ahead amid increased recession risk. Investment professionals and personal finance experts say the easiest way to grow your money this year is to keep things simple. Heres a look at whats going to cost you more and less in 2023 As Canadians worry about the costs of feeding their families having a roof to live under and driving their vehicles they look toward a new year hoping for financial relief. But will it arrive Top goal in new year for Canadians is repaying debt CIBC poll Repaying debt is the number one financial goal for Canadians welcoming 2023 according to CIBCs annual Financial Priorities poll. opinion Your financial action plan for 2023 amid a potential recession Regardless of whether or not the country sees a recession in the near future its still a good idea to create a financial action plan to help mitigate your risks. Personal finance contributor Christopher Liew shares some practical tips to help you and your family prepare.
7,Boeing slows final 787 assembly rate in South Carolina over parts ... - Reuters,"Boeing Co <a href=""https://www.reuters.com/companies/BA.N"" target=""_blank"">(BA.N)</a> on Friday said it slowed production of its 787 Dreamliner in South Carolina after a parts delay, but said previously its delivery and production outlook is unchanged",2022-12-23T15:52:00Z,https://www.reuters.com/business/aerospace-defense/boeing-slows-final-787-assembly-rate-south-carolina-over-parts-delay-2022-12-23/,Boeing slows final 787 assembly rate in South Carolina over parts delay WASHINGTON Dec 23 Reuters Boeing Co BA. N on Friday said it slowed production of its 787 Dreamliner in South Carolina after a parts delay but said previously its delivery and production outlook is unchanged Boeing in October said it was continuing to produce 787s at a low rate and will gradually return to five airplanes per month over time. Boeing in August delivered its first 787 since May 2021 after facing production problems. The Federal Aviation Administration cleared the way for deliveries to resume after approving Boeings inspection and retrofit plan needed to meet certification standards in July. Our Standards The Thomson Reuters Trust Principles.
8,"Ukraine's Zelenskiy, in New Year message, predicts victory in 2023 - Reuters","Ukrainian President Volodymyr Zelenskiy on Saturday predicted victory in the war against Russia next year, saying it would come through hard work rather than miracles, as well as aid from foreign partners.",2022-12-31T20:19:00Z,https://www.reuters.com/world/europe/ukraines-zelenskiy-new-year-message-predicts-victory-2023-2022-12-31/,Ukraines Zelenskiy in New Year message I want to wish all of us one thing victory KYIV Dec 31 Reuters President Volodymyr Zelenskiy said on Saturday that his only wish for all Ukrainians for 2023 was victory and resolved to stay the course while the country fights for it. I want to wish all of us one thing victory. And thats the main thing. One wish for all Ukrainians Zelenskiy dressed in his trademark khaki outfit said in a video message a few minutes before midnight. He reiterated as he often has since Russia began its invasion in Ukraine in February that he will stay with his people while they are fighting for freedom. We were told to surrender. We chose a counterattack he said. We are ready to fight for it freedom. Thats why each of us is here. Im here. We are here. You are here. Everyone is here. We are all Ukraine. Russias President Vladimir Putin launched his invasion of Ukraine on Feb. 24 calling it a special operation to denazify and demilitarise Ukraine which he said was a threat to Russia. Kyiv and its Western allies say Putins invasion was merely an imperialist land grab. Putin used his own New Years address to rally the Russian people behind troops fighting in Ukraine. While Moscow had planned a swift operation to take over its neighbour the war is now in its 11th month marked by many embarrassing Russian battlefield setbacks and Ukraines successful defence of most of its land. Russian forces have been engaged for months now in fierce fighting in the east and south of Ukraine to defend the lands Moscow proclaimed it annexed in September and which make up the broader Ukrainian industrial Donbas region. On Saturday Zelenskiy vowed to bring back what has been taken away. Let this year be the year of return. The return of our people. Soldiers to their families. Prisoners to their homes. Emigrants to their Ukraine. Return of our lands Zelenskiy said. The return of what has been stolen from us. The childhood of our children the peaceful old age of our parents. Our Standards The Thomson Reuters Trust Principles.
9,"Greece island rattled by strong earthquake, felt in Athens - Reuters","A 4.9 magnitude earthquake shook the island of Evia in central Greece on Wednesday and was felt in Athens, according to the Athens Geodynamic Institute.",2022-12-28T13:17:00Z,https://www.reuters.com/world/europe/greece-island-rattled-by-strong-earthquake-felt-athens-2022-12-28/,Greece island rattled by strong earthquake felt in Athens ATHENS Dec 28 Reuters A 4. 9 magnitude earthquake shook the island of Evia in central Greece on Wednesday and was felt in Athens according to the Athens Geodynamic Institute. There were no immediate reports of injuries or damage according to the fire brigade and local authorities. The tremor with a depth of about 10 kilometres struck around 1224 GMT in the wider area of Messapia. It was felt very strongly... and lasted long Messapia Mayor George Psathas told Skai radio. Another tremor with a magnitude of 3. 6 followed according to the EuropeanMediterranean Seismological Centre. Seismologists told Greek media that the area had been hit by earthquakes about 20 years ago. Greece is often rattled by earthquakes most causing no serious damage. Our Standards The Thomson Reuters Trust Principles.
10,Canada to impose mandatory COVID tests for travelers from China - Reuters,Canada on Saturday said it will require travelers on Canadian-bound flights departing China to test negative for COVID-19.,2022-12-31T22:07:00Z,https://www.reuters.com/world/canada-impose-mandatory-covid-tests-travelers-china-2022-12-31/,Canada to impose mandatory COVID tests for travelers from China Dec 31 Reuters Air travelers to Canada from China must test negative for COVID19 no more than two days before departure Ottawa said on Saturday joining other nations that have implemented such restrictions. The requirements which take effect at 1201 a. m. ET on Thursday apply to all travelers aged 2 and older on Canadianbound flights originating from the Peoples Republic of China Hong Kong or Macao. The temporary measure will be in place for 30 days and be reassessed as more data becomes available the Canadian government said. We will adapt our measures based on available data the science and the epidemiological situation in our country and globally to protect Canadians said Canadian Transport Minister Omar Alghabra in a statement. South Korea Spain and France on Friday joined a growing list of countries including the United States Britain and India that have imposed COVID tests for travelers from China. The U. S. testing requirements also take effect on Jan. 5. Travelers from China to Canada and the United States who test positive more than 10 days before a flight may provide the airline with documentation of recovery in lieu of a negative test result. The Public Health Agency of Canada said Saturday it would implement a pilot project on wastewater testing from aircraft with Vancouver airport and expand such an existing project with Toronto Pearson airport to assess COVID19 prevalence in various parts of the world. Samples are sequenced to monitor for novel variants the agency said. The Centers for Disease Control and Prevention told Reuters earlier this week it was considering sampling wastewater taken from international aircraft to track any emerging new COVID variants. China had kept its borders all but shut for three years imposing a strict regime of lockdowns and relentless testing. It abruptly reversed course on Dec. 7 toward living with the virus and infections have spread rapidly in recent weeks. China has rejected criticism of its COVID19 statistics and said it expects mutations to be more infectious but less severe. China will stop requiring inbound travelers to go into quarantine starting Jan. 8 but they still need a negative PCR test result within 48 hours before departure. Our Standards The Thomson Reuters Trust Principles.
11,"Bills' Hamlin progressing 'remarkably,' breathing tube removed -team - Reuters.com","Buffalo Bills player Damar Hamlin's breathing tube was removed overnight and the 24-year-old safety is progressing ""remarkably,"" the team said on Friday, citing an update from his physicians at the University of Cincinnati Medical Center.",2023-01-06T15:33:00Z,https://www.reuters.com/lifestyle/sports/bills-hamlin-progressing-remarkably-breathing-tube-removed-team-2023-01-06/,The room went nuts Hamlin speaks to team after coming off ventilator Jan 6 Reuters Buffalo Bills safety Damar Hamlin had his breathing tube removed overnight the team said on Friday and a call to team mates from the recovering 24yearold set off a raucous celebration. Players leaped to their feet clapped and yelled as Hamlin appeared from his hospital bed on a FaceTime call during the Bills team meeting on Friday head coach Sean McDermott said in describing the scene. The room went nuts. It was awesome said Bills General Manager Brandon Beane who returned to Buffalo on Thursday after staying behind in Cincinnati to be with Hamlin. The hair on the back of my neck stood up. Doctor have said Hamlin is progressing remarkably well after having his heartbeat restored on the field on Monday night. After making a tackle in the first quarter against the Cincinnati Bengals Hamlin collapsed requiring emergency CPR a scene that stunned fellow players coaches and fans. On Friday Hamlin told his team mates Love you boys McDermott said a moment that seemed unfathomable just a few days ago. Hamlin flexed his biceps and flashed a heart symbol with his hands during the call. It was a pretty cool exchange McDermott told reporters describing Hamlin as an infectious young man with an infectious personality. Beane talked about the decision to stay behind with Hamlin while the team returned to Buffalo to prepare for Sundays regular season finale against the New England Patriots. What would you want someone to do for your son he said. So we divided up... And thats why I love Sean McDermott we were able to work this through and he did a great job there. But it was a rollercoaster. Physicians on Thursday said Hamlin was demonstrating signs of good neurological recovery but that it was too soon to comment on his longterm football prospects. The frightening onfield incident prompted a massive outpouring of support from fans and the football community. Donations to an online toy drive fundraiser Hamlin launched in December 2020 skyrocketed in response raising more than 7. 8 million as of Friday. LEAGUE MEETING The NFL held a special league meeting on Friday to vote on changes to the playoff setup after it was decided the Bills and Bengals game would not be completed despite the contest having postseason implications for both clubs. NFL commissioner Roger Goodell outlined the resolution which could require a neutral site venue for the AFC championship depending on the outcome of this weekends final regular season games. The Bills Bengals and Kansas City Chiefs all have a chance to clinch the number one seed which comes with a firstround bye. The AFC championship will be held at a neutral site if the participating teams played an unequal number of games and both could have been the number one seed had a full 17game regular season been completed. The location of a wildcard game in the AFC North could also potentially be decided by a coin toss supervised by the commissioner depending on the results. Yesterdays news of Damars improving condition lifted not only my spirits but the spirits of the entire league began Goodell during a Friday conference call. Today with the owners the reasons for needing to cancel the BuffaloCincinnati game were explained. Not playing the game BillsBengals to its conclusion will have no affect on which clubs qualify for the postseason. No club could qualify for the postseason and no club would be eliminated based on the outcome of this game. Our Standards The Thomson Reuters Trust Principles.
12,"Pittsburgh Steelers legend Franco Harris, known for 'Immaculate Reception,' dead at age 72","Pittsburgh Steelers great Franco Harris, who was arguably best known for one of the most iconic plays in NFL history -- dubbed the ""Immaculate Reception"" -- has died at the age of 72, the Pro Football Hall of Fame announced on Wednesday.",2022-12-21T15:20:27Z,https://www.cnn.com/2022/12/21/sport/nfl-franco-harris-obit-spt-intl/index.html,Pittsburgh Steelers great Franco Harris who was arguably best known for one of the most iconic plays in NFL history dubbed the Immaculate Reception has died at the age of 72 the Pro Football Hall of Fame announced on Wednesday. Harris died overnight the Hall of Fame said citing his family. The cause of his death hasnt been announced. We have lost an incredible football player an incredible ambassador to the Hall and most importantly we have lost one of the finest gentlemen anyone will ever meet said Hall of Fame President Jim Porter. Franco not only impacted the game of football but he also affected the lives of many many people in profoundly positive ways. The Hall of Fame and historians everywhere will tell Francos football story forever. His life story can never be told fully however without including his greatness off the field. A gold jacket career Harris died days before the 50th anniversary of the Immaculate Reception a gamewinning touchdown catch which led the Steelers to victory over the then Oakland Raiders 137 for Pittsburghs firstever playoff game in the 1972 AFC Divisional Round. That play really represents our teams of the 70s Harris recalled after the reception was voted the greatest play in NFL history in 2020 during the leagues 100th anniversary season. The Steelers had planned to retire Harris number 32 jersey during halftime of their game against the Las Vegas Raiders on Saturday. The career that it spawned in Franco a gold jacket career Steelers head coach Mike Tomlin said Tuesday. What it did for them that season in terms of the trajectory of the season. What its done for this franchise. Theres many things that make it the play that it is. The most significant play in the history of the game. Drafted out of Penn State as the 13th pick in the 1972 NFL Draft Harris quickly became a star for the team winning the NFLs Rookie of the Year after becoming only the fourth rookie in NFL history to rush for 1000 yards. In his career Harris was a fourtime Super Bowl champion winning MVP honors in Super Bowl IX after rushing for 158 yards in the game against the Minnesota Vikings to help the Steelers capture their firstever league title. Running back Harris retired after 13 seasons 12 with the Steelers and one with the Seattle Seahawks. The ninetime Pro Bowler rushed for at least 1000 yards in eight seasons amassing 12120 rushing yards and 91 touchdowns in his career. He was enshrined into the Pro Football Hall of Fame in 1990.
13,The Golden Globes are back and here's how to watch,The 80th Golden Globe Awards will be presented -- and televised -- on Tuesday.,2023-01-10T14:51:52Z,https://www.cnn.com/2023/01/10/entertainment/how-to-watch-golden-globes-2023/index.html,The 80th Golden Globe Awards will be presented and televised on Tuesday. The Globes which celebrate some of the best movies and TV shows of the year come as its organizers in the Hollywood Foreign Press Association work to redeem themselves from controversy which resulted in the 2022 ceremony going untelevised. The nominees The Banshees of Inisherin starring Colin Farrell and Brendan Gleeson leads among nominated films along with Avatar The Way of Water Elvis and Top Gun Maverick. Taylor Swift and Lady Gaga are both nominated in the best original song category. Swift for Carolina from Where the Crawdads Sing and Gaga for Hold My Hand from Top Gun Maverick. Click here for a full list of nominees. The host Jerrod Carmichael will host the Golden Globes for the first time. Carmichael rose to fame in the 2014 comedy film Neighbors. Later that same year he released his first HBO standup comedy special Love at the Store directed by Spike Lee. Most recently he made his directorial debut with On the Count of Three in which he starred along with Tiffany Haddish J. B. Smoove Lavell Crawford and Henry Winkler. Stars to look out for Jennifer Coolidge Hilary Swank Jamie Lee Curtis Ana de ArmasTracy Morgan Henry Golding Billy Porter Regina Hall Colman Domingo Salma Hayek Pinault Michaela Jae Rodriguez and Quentin Tarantino are among the scheduled presenters. Eddie Murphy will receive the honorary Cecil B. DeMille Award and Ryan Murphy the Carol Burnett Award. The controversy NBC temporarily ended its decadeslong relationship with the Globes at this time last year amid mounting questions over the Hollywood Foreign Press Associations lack of diversity and ethical questions related to financial benefits given to some members. In September when it was announced that the show would be returning to NBC a press release at the time stated that it would be a oneyear agreement. The HFPA has in recent months added 103 new voters and has touted that its voting body is now 52 female and 51. 5 racially and ethnically diverse. CNN spoke to the HFPA president Helen Hoehne who said that sometimes it takes a crisis to start change. Change takes time she told CNN on Saturday. We certainly took that crisis and really implemented a lot of change that needed to be done for a very long time. Im very happy and Im grateful for the lessons learned and for the changes that we have implemented. How to watch The 2023 Golden Globes will broadcast live from the Beverly Hilton hotel in Los Angeles at 8 p. m. ET 5 p. m. PT on NBC and will stream simultaneously on Peacock.
14,Spin up your development background processes with ease,Spin up your development background processes with ease ðŸª„ - GitHub - anystack-sh/porter: Spin up your development background processes with ease ðŸª„,2022-12-28T11:54:50Z,https://github.com/anystack-sh/porter,About Porter Porter is a commandline interface CLI tool that makes it easy to run background services by adding a few lines to a configuration file. These services are managed by Supervisord a process control system that ensures that all processes are kept up and running. With Porter you dont have to manually start and manage background services in multiple terminal tabs. Instead you can simply use the porter command to manage all of your services in a single place. Installation To install Porter you can use composer or download the build manually from this repository. composer global require anystackshporter Requirements To use Porter you must install supervisord macOS brew install supervisor Linux apt install supervisor If you want to use the watch feature to restart services when files change you will also need to install chokidar npm install global chokidar Add your first project In your terminal navigate to your project and run porter init to create a boilerplate porter. yml Developeranystack porter init Create porter. yml in UsersDeveloperanystack yesno yes yes Creating porter. yml boilerplate Run porter add to add your product and start your services. Modify porter. yml and add the services you want to run. In your terminal navigate to your project and run porter add Developeranystack porter add Adding UsersDeveloperanystack Restarting Porter A new porter. yml has been created. This file contains all the services you want to run in the background for example services name Queue command php artisan horizon restart watch appJobs appMailWelcomEmail. php name Vite directory Usersdeveloperanystackfrontend command npm run dev name Octane command php artisan octanestart port8000 nointeraction name Stripe command stripe listen forwardto localhost8000webhooksstripe restart minutes 5 The following properties are available per command If you have made changes to your porter. yml you can use the porter restart command to apply your changes. Monitoring services To monitor your services you can use the porter status command. Developeranystack porter status App Name Status Description anystack anystackoctane RUNNING pid 41277 uptime 00329 anystack anystackqueue RUNNING pid 41275 uptime 00329 anystack anystackvite RUNNING pid 41276 uptime 00329 Tail service logs You can tail one or more services unified using the porter tail command. This command is contextaware and will automatically ask which services do you want to tail Developeranystack porter tail Which service do you want to tail 0 anystackoctane 1 anystackqueue 2 anystackvite 01 Use CTRLC to stop tailing. Horizon started successfully. INFO Server running Local http127. 0. 0. 18000 200 GET... 33. 38 mb 79. 10 ms All available commands Brought to you by Anystack Anystack is the allinone product platform that helps you make a living by writing code. Push your code to GitHub and we will take care of everything else. Start your adventure today. License Porter is opensourced software licensed under the MIT license.
15,Houston Person: Reminiscing at Rudyâ€™s review â€“ a melody masterclass,"(HighNote)The saxophonist and his top band eschew improvisation in favour of faithful renditions of classic tunes, from Cole Porter to Paul AnkaThere arenâ€™t many of them about in the jazz world these days, but the American tenor saxophonist Houston Person is â€¦",2023-01-07T16:00:22Z,https://www.theguardian.com/music/2023/jan/07/houston-person-reminiscing-at-rudys-review-a-melody-masterclass,There arent many of them about in the jazz world these days but the American tenor saxophonist Houston Person is undoubtedly a melody man. He likes to keep close to the tune and relishes a real slow ballad. Oddly enough he doesnt play it with the customary warm vibrato. In fact theres hardly any vibrato at all but his slightly husky tone holds your attention like an instrumental Nat King Cole. Person is also a noted record producer and has been around long enough to know exactly who to choose when setting up a band. Guitarist Russell Malone is probably the best known here but look up the others and youll see theyre all in the A team Larry Fuller piano Matthew Parrish bass and Lewis Nash drums. Having chosen them Person makes sure that each one gets his fair share of the limelight and theres some great playing all round on these 10 tracks. The songwriters chosen stretch from Cole Porter to Percy Mayfield. If I had to choose one number it would be Paul Ankas Put Your Head on My Shoulder played with such delicacy that I keep going back to hear it again.
16,NBA roundup: Nets sink Cavs for 9th straight win - Reuters.com,Kyrie Irving scored 15 of his 32 points in the fourth quarter as the Brooklyn Nets survived a shaky finish and extended their winning streak to a season-high nine games with a 125-117 victory over the host Cleveland Cavaliers on Monday night.,2022-12-27T06:56:00Z,https://www.reuters.com/lifestyle/sports/nba-roundup-nets-sink-cavs-9th-straight-win-2022-12-27/,NBA roundup Nets sink Cavs for 9th straight win December 27 Kyrie Irving scored 15 of his 32 points in the fourth quarter as the Brooklyn Nets survived a shaky finish and extended their winning streak to a seasonhigh nine games with a 125117 victory over the host Cleveland Cavaliers on Monday night. On the 11th anniversary of his NBA debut with Cleveland Irving made 11 of 19 shots and hit seven 3pointers as Brooklyn took a pair of 19point leads before withstanding Clevelands late comeback try that featured several big shots by Darius Garland who led all scorers with 46 points. While Garland made 14 of 20 shots and finished with his fourth 40point game of his career Donovan Mitchell was held to 15 points. Kevin Durant scored 32 points but fouled out for the sixth time in his career when he bumped Garland with 154 remaining. Durant also moved past Tim Duncan for 15th place on the alltime scoring list and ended the night at 26516 career points. Garland scored 18 of his points in the fourth including a jumper in the lane that made it 121117 with 44 seconds left. After two free throws by Irving Garland was blocked in the lane by Nic Claxton with 31. 3 seconds remaining and T. J. Warren hit two free throws to ice it with 13. 8 ticks left. Clippers 142 Pistons 131 OT Paul George scored 32 points and handed out 11 assists as visiting Los Angeles which rallied from a 14point deficit in the last three minutes of regulation captured an overtime victory over Detroit. Luke Kennard had 18 points for Los Angeles while Marcus Morris Sr. Norman Powell and John Wall supplied 16 points apiece. Bojan Bogdanovic led eight Pistons in double figures with 23 points. Isaiah Stewart had 21 points Killian Hayes tossed in 18 with 10 assists and Jalen Duren added 15 points and 12 rebounds. Heat 113 Timberwolves 110 Miamis defense forced 22 turnovers the last coming on Kyle Lowrys steal in the closing seconds to hold off visiting Minnesota. Max Strus led the way with 19 points including 5of10 shooting from beyond the arc. Strus was one of five Miami players to score in double figures. Lowry finished with 18 points and a gamehigh nine assists. Anthony Edwards led all scorers with 29 points. Edwards however committed eight of Minnesotas 22 turnovers the last of which came on the Wolves final opportunity when DAngelo Russell lost the ball and Lowry came up with it to deny Minnesota a look at a potential overtimeforcing 3pointer. Pelicans 113 Pacers 93 Jonas Valanciunas had 20 points and 12 rebounds and shorthanded New Orleans routed visiting Indiana for its third win in a row. Naji Marshall added a careerhigh 22 points for the Pelicans who played without Zion Williamson reconditioning Brandon Ingram toe Herbert Jones Jr. health and safety protocols Trey Murphy III nonCOVID illness and Dyson Daniels nonCOVID illness. Bennedict Mathurin put up 15 points and Myles Turner scored 14 to lead the Pacers who finished a 21 road trip. Rockets 133 Bulls 118 Kevin Porter Jr. scored 15 of his seasonhigh 36 points in the fourth quarter as Houston snapped a fivegame losing streak with a victory over host Chicago. After the Bulls cut what was a 19point deficit to 109100 Porter responded with backtoback 3pointers and a midrange pullup that allowed the Rockets to finally seize control of a backandforth affair. Porter had plenty of help however as Alperen Sengun added 25 points 11 rebounds and six assists. DeMar DeRozan led Chicago with 31 points and nine assists. Zach LaVine scored 22 points and Coby White had 14 off the bench for the Bulls who had their threegame winning streak snapped. Spurs 126 Jazz 122 Devin Vassell scored 24 points and Tre Jones hit two shots in the lane in the final seconds to allow San Antonio to outlast visiting Utah. The Spurs who had lost four of their previous five games held on down the stretch after being up by 20 points late in the third quarter and by 14 heading to the fourth. Keldon Johnson added 21 points for the Spurs with Malaki Branham scoring a careerhigh 20. Lauri Markkanen led the Jazz with 32 points and 12 rebounds. Jordan Clarkson added 25 points for Utah which had a twogame winning streak end. Trail Blazers 124 Hornets 113 Jerami Grant recorded 32 points and 10 rebounds Jusuf Nurkic scored a seasonhigh 28 points and grabbed 15 rebounds and Portland continued its home domination of Charlotte. Nurkic made a careerbest five 3pointers in seven attempts and Grant made four as Portland ended a threegame slide. LaMelo Ball registered 27 points seven rebounds and seven assists before fouling out for the Hornets who lost for the 10th time in the past 12 games. The setback was Charlottes 15th in a row in Portland dating back to a 9385 victory on March 29 2008 when the franchise was known as the Bobcats. Field Level Media Our Standards The Thomson Reuters Trust Principles.
17,Brazil's energy ministry chooses Senator Prates to head Petrobras - Reuters.com,"Brazil's mines and energy ministry on Tuesday said it had chosen Senator Jean Paul Prates to head Petrobras <a href=""https://www.reuters.com/companies/PETR4.SA"" target=""_blank"">(PETR4.SA)</a>, formally starting the transition in leadership at the state-run oiâ€¦",2023-01-03T23:46:00Z,https://www.reuters.com/business/energy/brazils-energy-ministry-chooses-senator-prates-head-petrobras-2023-01-03/,Brazils Petrobras CEO resigns as ministry chooses his successor sources Companies SAO PAULO Jan 3 Reuters The chief executive of Brazilian oil company Petrobras PETR4. SA Caio Paes de Andrade has informed the board of directors of his resignation two sources with knowledge of the matter told Reuters on Tuesday. The resignation comes shortly after the countrys mines and energy ministry said it would formally appoint Senator Jean Paul Prates to head the staterun firm after President Luiz Inacio Lula da Silva announced it last week. Petrobras did not immediately comment on the resignation. Andrade had been handpicked by former rightwing President Jair Bolsonaro after three of his predecessors left following clashes with Bolsonaro over Petrobras fuel pricing policy. The move paves the way for Prates a senator from Lulas leftwing Workers Party to take the helm before the current managements tenure ends though he must still win approval from internal Petrobras committees. Prates will need final approval as a board member and subsequently as CEO from the firms current board of directors. Andrades term had been set to expire in April but Reuters reported late last year that he had decided to resign earlier. Our Standards The Thomson Reuters Trust Principles.
18,Iranian chess player appears at Kazakhstan tournament without ... - Reuters,"An Iranian chess player on Wednesday took part in an international tournament in Kazakhstan without a hijab for the second day running, according to a Reuters journalist present.",2022-12-28T12:45:00Z,https://www.reuters.com/world/middle-east/iranian-chess-player-appears-kazakhstan-tournament-without-hijab-second-day-2022-12-28/,Iranian chess player appears at Kazakhstan tournament without hijab for second day Reuters witness ALMATY Dec 28 Reuters An Iranian chess player on Wednesday took part in an international tournament in Kazakhstan without a hijab for the second day running according to a Reuters journalist present. A Reuters witness at the FIDE World Rapid and Blitz Chess Championships in Almaty Kazakhstan saw Sara Khadem competing without a headscarf a violation of Irans laws governing female dress code. Iran has been swept by demonstrations against the countrys clerical leadership since midSeptember when 22yearold Iranian Kurdish woman Mahsa Amini died in the custody of morality police who detained her for inappropriate attire. Laws enforcing mandatory hijab wearing have become a flashpoint during the protests with a string of sportswomen competing overseas appearing without their headscarves in public. Khadem born in 1997 and also known as Sarasadat Khademalsharieh is ranked 804 in the world according to the International Chess Federation website. The website for the Dec. 2530 event listed her as a participant in both the Rapid and Blitz competitions. Iranian news outlets Khabarvarzeshi and Etemad in reports on Monday said that Khadem had competed at the championship in Almaty without a hijab. Our Standards The Thomson Reuters Trust Principles.
19,France goalkeeper Lloris announces retirement - Reuters,"France's World Cup-winning goalkeeper and captain, Hugo Lloris, announced his retirement from international football at the age of 36 on Monday.",2023-01-09T18:59:00Z,https://www.reuters.com/lifestyle/sports/france-goalkeeper-lloris-announces-retirement-2023-01-09/,France captain Lloris announces international retirement Jan 9 Reuters Frances World Cupwinning goalkeeper and captain Hugo Lloris announced his retirement from international football aged 36 on Monday saying he wanted to spend more time with his family. Lloris made a record 145 appearances for France from 200822 captaining the team 121 times also a record. He made his international debut in 2008 playing at the European Championship in 2012 2016 and 2020 as well as the 2010 2014 2018 and 2022 World Cup tournaments. Tottenham Hotspur keeper Lloris led France to victory in the 2018 World Cup before again leading them to the final this year in Qatar where they were beaten by Argentina. There comes a time when you have to know how to hand over the reins. I have always said over and over again that the French team doesnt belong to anyone and we all have to make sure thats the case me first he told LEquipe in an interview. I think that the team is ready to go on. There is also a goalkeeper who is ready Mike Maignan. I prefer to go out at my peak than wait for a downturn. There is also a family choice I feel the need to spend more time with my wife and children. Along with the 2018 World Cup Lloris also won the 2021 Nations League and guided France to the final of the 2016 European Championship. France head coach Didier Deschamps said Lloris was retiring at his peak and despite still having a place in the national setup but called on fans to respect his decision. A great servant of the French team is taking his leave and I would like to pay tribute to his exceptional career Deschamps said. Beyond all the records that his talent and professionalism enabled him to break beyond the essential role that he played in our greatest victories... Hugo is a remarkable person on a human level. It was a pleasure and an honour for me to be his coach. I wish all coaches had players like him to coach. Hugo has my respect and gratitude. I wish him happiness. Since 2012 Lloris has played for Premier League side Tottenham where he is also captain. He previously featured for Ligue 1 teams Nice and Olympique Lyonnais. His former Spurs team mate Gareth Bale also announced his retirement from football on Monday. Our Standards The Thomson Reuters Trust Principles.
20,Birkenstocks one of most purchased fashion items of 2022,"Boxing Day sales could prove fruitful, with many of the most popular pieces on offerBirkenstocks, trouser suits and seam-free workout sets were three of the most purchased fashion items of 2022. For those looking to tap into trending items, the Boxing Day salâ€¦",2022-12-25T17:30:07Z,https://www.theguardian.com/business/2022/dec/25/birkenstocks-one-of-most-purchased-fashion-items-of-2022,Birkenstocks trouser suits and seamfree workout sets were three of the most purchased fashion items of 2022. For those looking to tap into trending items the Boxing Day sales could prove fruitful with many of the most popular pieces on offer. I Shop Therefore I Am reads the 1987 work of Barbara Kruger. So if we are defined by what we own what does this say about consumers in 2022 It appears many wanted to continue to enjoy pandemic discoveries such as comfortable footwear with the luxury etailer Yoox reporting that its bestselling shoe of 2022 was the Boston Clog from Birkenstock. The German brand founded in 1774 has seen somewhat of a resurgence over the past two years. The once beloved shoes of healthcare workers are now a favourite among celebrities and influencers with fans including Kendall Jenner Gigi Hadid and Sienna Miller. With prices starting at 90 the online fashion search engine Lyst said searches for the Boston Clog style increased by 593 in the first six months of 2022. This marks the fifth time in two years it has appeared on the Lyst Index. Its taupe suede version was continually sold out with many appearing for over double the original price on resale platforms. Meanwhile both Office and Amazon Fashion Europe reported Crocs as a top seller. At Office it was the black Crocs with a faux fur lining that performed best. Much like Birkenstock Crocs were previously popular among hospital and hospitality workers. Founded in 2002 the brand enjoyed renewed interest during the pandemic. They were the second fastestgrowing brand in 2022 endorsed by everyone from Stormzy to David Hockney. Comfort was also trending at Primark with two loungewear items appearing in its top three products. High sales of the Snuddie a 16 fleecelined item Primark describes as an oversized snuggly hoodie come blanket perhaps reflect consumers concerns over energy prices. The description also mentions keeping toasty and chills at bay. Meanwhile its seamfree sets featuring crop tops shorts and leggings are very similar to Skims the hugely soughtafter Kardashianfounded brand. Primark prices start from 3. 50 for a crop top compared with 40 at Skims. Elsewhere an increased interest in workwear reflects a change in working environments as many returned to the office. According to property consultancy Remit the daily average number of employees in England and Wales working from the office hit its highest level since the pandemic in October. In Londons West End 57 of staff were back at their desks while numbers were also high in Docklands home to many financial institutions opposed to employees working from home. Consumers took a mixed approach to dressing for work perhaps reflecting a hybrid working situation. Pieces that could be dressed up for office days then styled more casually for working from home or for weekends proved popular. Both MS and John Lewis reported strong sales across their dress categories. MS sold over 400000 of its tiered dresses ranging from 25 to 45 and available in myriad colourways and prints. With a round neckline and falling midcalf on the website it is pictured styled with formal boots court heels and casual trainers. John Lewis 59 floral printed archive dress was a bestseller in green. It has since been repeated in pink. Meanwhile Jigsaw reported strong sales of suiting with both magenta and velvet twopieces performing well. A singlebreasted black velvet blazer 278 was in Reiss top three selling products. Because of the cost of living people dont want to spend money on casual pieces. They want investment pieces and things they can wear that make them feel good said Jigsaws creative director Jo Sykes. Its magenta tuxedo suit with satintrimmed trousers first hit stores in November 2021. That drop sold out in less than four hours. This summer there was a waiting list of over 1600 for it to arrive. Sykes said sales of standout tailoring were up 30 year on year at Jigsaw and were outperforming classic suiting lines Theres a whole trend of wearing standout suits from day to night. Customers are also styling the jackets and trousers separately. Google has reported that searches for wideleg trousers reached their highest recorded level in 2022. This is reflected at MS with over 190k sales of its sidestriped version. Available in petite regular and long spanning sizes 6 to 20 and in a variety of colours including grey and blue they retail for 39. 50. The bestselling jeans at the luxury etailer NetaPorter proved to be highrise with a straight cut leg. Versions from brands including Khaite Citizens of Humanity and Agolde were in the top five. Zipfront ankle boots from the Row were top sellers at both NetaPorter and Matches Fashion. First appearing on the runway in its autumnwinter 19 collection the leather boots with a chunky rubber retail for 1300 are regularly pictured on street style stars. At the cheaper end of the scale a pair of 89. 99 cleatsole Chelsea boots appeared in Offices top sellers whilst Clarks said it had sold over 1000 pairs of its 130 Aprilia Chelsea boots in black in November alone. Its 135 lace up Rixle boots were also popular. Sneakerwise various retailers reported Converse New Balance and Veja as the bestselling brands. As for bags there has been a return to shoulder styles with both NetaPorter and MatchesFashion citing the Loewe Puzzle bag as a top performer. Over at John Lewis the Longchamp Le Pliage 95 was a top seller. The retailer credits unboxing videos by Gen Z on TikTok the hashtag has over 7 million views for renewing interest in the French heritage brand.
21,Katie Porter Uses Whiteboard To Explain To Dianne Feinstein Why This Her Office Now,"WASHINGTONâ€”Circling the words â€œdead soonâ€ for emphasis, Rep. Katie Porter (D-CA) reportedly used a whiteboard Wednesday to explain to Sen. Dianne Feinstein (D-CA) why the public office held by Feinstein for 30 years belonged to Porter now. â€œSo as you can see â€¦",2023-01-11T19:45:00Z,https://www.theonion.com/katie-porter-uses-whiteboard-to-explain-to-dianne-feins-1849975873,WASHINGTONCircling the words dead soon for emphasis Rep. Katie Porter DCA reportedly used a whiteboard Wednesday to explain to Sen. Dianne Feinstein DCA why the public office held by Feinstein for 30 years belonged to Porter now. So as you can see here the average life expectancy for a woman in the United States is 79 years and come 2024 youll be 91if youre luckyand thats just too old said Porter who drew a stick figure that was hunched over and leaning on a cane along with several arrows that appeared to indicate the figure was about to tumble into an open grave. Me Ill only be 51. But you well pretty soon youre going to be down there in the ground. So you cant stay here. Are you still following me Dianne This office is mine. At press time sources confirmed Porter had been forced to wipe the board clean and start over by explaining that the Hart Senate Office Building was not Feinsteins home and she did not live there.
22,Pope praises Pell for persevering in times of personal trials - Reuters,"Pope Francis on Wednesday praised late Australian Cardinal George Pell for persevering in trying times, a reference to when he spent more than a year in prison on child sexual abuse accusations before he was fully acquitted.",2023-01-11T12:24:00Z,https://www.reuters.com/world/europe/pope-praises-pell-persevering-times-personal-trials-2023-01-11/,Pope praises Pell for persevering in times of personal trials VATICAN CITY Jan 11 Reuters Pope Francis on Wednesday praised late Australian Cardinal George Pell for persevering in trying times a reference to when he spent more than a year in prison on child sexual abuse accusations before he was fully acquitted. Francis in an Italianlanguage message sent to the dean of the College of Cardinals also thanked Pell who served as the Holy Sees economy minister for laying the groundwork for financial reform in the Vatican with determination and wisdom. Pell a leading Catholic conservative died on Tuesday night in Rome of cardiac arrest while in a hospital for hip replacement surgery. He was 81. In his message to the dean Italian Cardinal Giovanni Battista Re Francis said he was saddened by the news of Pells sudden death. Francis called Pell who always maintained his innocence a faithful servant who without vacillating followed his Lord with perseverance even in the hour of trial. The pope said he was grateful for Pells coherent and committed dedication to the Church. Church sources in Rome said Pells body would most likely lie in state in a side chapel in St. Peters Basilica ahead of requiem Mass there probably on Friday. Traditionally the dean of cardinals in this case Re says the funeral Mass and then the pope arrives at the end to give the final blessing. SNAP an advocacy group for victims of clergy sexual abuse in a statement called on the Vatican to show restraint in funeral arrangements unless the Church hierarchy wants to deepen already deep wounds. The Church in Australia has said that Pell will be buried in the crypt at St. Marys Cathedral in Sydney where Pell served as archbishop. MANY DARK MOMENTS An Australian appeals court ruling in 2020 quashed convictions that Pell sexually assaulted two choir boys in the 1990s. It allowed Pell to walk free after 13 months in prison ending the case of the most senior figure accused in the global scandal of historical sex abuse that has rocked the Roman Catholic Church worldwide. Look it was bad it wasnt like a holiday but I dont want to exaggerate how difficult that was. But there were many dark moments Pell who wrote a theevolume prison journal told Reuters in an interview in 2020. Pell said the lowest point in his prison ordeal was when his first appeal was rejected in August 2019. I was down. I was very disappointed. I came to be very cross he said. But I said my prayers and got on with things. Pell a former archbishop of Melbourne and Sydney was called by Pope Francis in 2014 to serve as Vatican economy minister a post he held until taking a leave of absence in 2017 to return to Australia to face the charges. At the Vatican he encountered much resistance from the old Italian guard to reforms he wanted to enact. In an interview with Reuters in July Pope Francis praised Pell as the genius who had insisted on an overarching method to control money flows and combat corruption. Even before the sexual assault accusations Pell was a polarising figure in the two decades that he dominated the Australian Catholic hierarchy revered by conservative Catholics for his staunch opposition to samesex marriage and womens ordination. He had been living in Rome since his acquittal and had several meetings with Pope Francis. Pell often attended the pontiffs Masses and Francis praised him publicly after his return. After his return to Rome Pell became a familiar face around the Vatican area even though he was retired. His home became a focal point for conservatives preparing their platform for the eventual election of Francis successor. Our Standards The Thomson Reuters Trust Principles.
23,"Airline, airport groups slam EU push for pre-flight COVID testing from ... - Reuters",A coalition of airline and airport groups on Thursday criticized new recommendations asking for passengers flying from China to the European Union to show a negative COVID-19 test prior to boarding.,2023-01-05T16:41:00Z,https://www.reuters.com/business/healthcare-pharmaceuticals/airline-airport-groups-slam-eu-push-pre-flight-covid-testing-china-2023-01-05/,Airline airport groups slam EU push for preflight COVID testing from China LONDON Jan 5 Reuters A coalition of airline and airport groups on Thursday criticized new recommendations asking for passengers flying from China to the European Union to show a negative COVID19 test prior to boarding. EU government officials made the recommendation on Wednesday as Beijing plans to ease travel restrictions despite a wave of new COVID infections. The International Air Transport Association Airlines for Europe and ACI Europe in a joint statement said that the current surge of COVID19 cases in China is not expected to impact the epidemiological situation in the EUEEA European Economic Area and ran counter to an earlier assessment by the European Centre for Disease Prevention and Control ECDC. The ECDC last week said EU citizens had relatively high vaccination levels and the potential for imported infections was low compared to daily infections in the EU with healthcare systems currently coping. China plans to ease travel restrictions on Sunday despite a wave of new infections that has left Chinese hospitals and funeral homes overwhelmed. Sweden and Germany on Thursday said they would implement the recommendations and more countries in the bloc are expected to do so soon. While it is regrettable that the recommendations agreed yesterday largely amount to a kneejerk reaction it is now vital that they are implemented by EU member states in a fully uniform manner the groups added in the statement. The groups said they hoped the EU would reassess the recommendations by midJanuary. Our Standards The Thomson Reuters Trust Principles.
24,Progressive Katie Porter launches bid for Dianne Feinsteinâ€™s US Senate seat,"Democratic congresswoman announces candidacy for seat held by Feinstein, 89, who has not yet said if she will retireDemocratic representative Katie Porter, the progressive former law professor known for her sharp questioning of witnesses and her use of a whitâ€¦",2023-01-10T18:45:21Z,https://www.theguardian.com/us-news/2023/jan/10/katie-porter-democrat-california-us-senate,Democratic representative Katie Porter the progressive former law professor known for her sharp questioning of witnesses and her use of a whiteboard during hearings said she will seek the California Senate seat currently held by Dianne Feinstein. Feinstein a fellow Democrat is the oldest member of the chamber and has not yet said if she will retire. Especially in times like these California needs a warrior in Washington Porter said in a video posted on Twitter. Thats exactly why Im announcing my candidacy for the United States Senate in 2024. Porter was first elected to Congress in 2018 and won a tight race for reelection to her newly redrawn southern California district in November. She said in the video that she had challenged the status quo in Washington taking on big banks Wall Street and the pharmaceutical industry. She wants to ban members of Congress from stock trading. To win these fights its time for new leadership in the US Senate she said. Feinstein 89 has faced questions about her age and memory and whether she will seek another term. She has not announced whether she will seek reelection in 2024 though she is widely expected to retire. Everyone is of course welcome to throw their hat in the ring and I will make an announcement concerning my plans for 2024 at the appropriate time Feinstein said in a statement on Tuesday. She added that she is currently focused on ensuring California has all the resources it needs to deal with deadly storms hitting the state. Feinstein won her sixth election in 2018 and has been a force for Democrats serving for a time as chair of the intelligence and judiciary committees. But she also has seen pushback from Democrats who view her as too bipartisan at a time when politics is more polarized and her state is increasingly liberal. In 2020 Feinstein announced she would step down as the top Democrat on the Senate judiciary committee. The move followed criticism that she was too friendly with Republicans during supreme court confirmation hearings for Amy Coney Barrett. That included an embrace of the Republican chairman Senator Lindsey Graham of South Carolina at the conclusion of the hearings and kind words for what she called a job well done. Feinstein has defended her performance and said in 2021 that she planned to serve her full term even as there was open speculation and discussion about the future of the seat. Governor Gavin Newson said in 2021 that he would appoint a Black woman to replace Feinstein who is white if she were to retire early. Porter 49 was a consumer protection attorney before her election to the House and she has earned a reputation for her tough questioning of chief executives and other witnesses at congressional hearings often using a whiteboard to break down information. Porters media savvy was again on display during the recent meltdown in the US House over the election of a new speaker. As Republicans argued Porter was seen sitting in the chamber disinterestedly reading a book on the subtle art of not caring about whats happening.
25,Golden Globes 2023: See what the stars wore on the red carpet - National | Globalnews.ca - Global News,"<ol><li>Golden Globes 2023: See what the stars wore on the red carpet - National | Globalnews.caÂ Â Global News
</li><li>Steven Spielberg wins best director at 2023 Golden GlobesÂ Â CBC News
</li><li>Golden Globes 2023: Every red carpet look you need to seeÂ Â Yaâ€¦",2023-01-11T01:05:43Z,https://globalnews.ca/news/9399828/golden-globes-2023-red-carpet-celebrity-photos/,The Golden Globes kicked off the 2023 awards season Tuesday night in an attempt to win back the hearts and minds of Hollywood. Up first the red carpet. Last year NBC refused to air the 2022 ceremony citing a scandal that revealed serious financial and ethical lapses in the Hollywood Foreign Press Association HFPA the group that organizes the Golden Globes. In the end despite all the drama stars returned to the beleaguered shows red carpet in force including Jamie Lee Curtis Heidi Klum and Jennifer Coolidge. Pink was a favourite for many of this years looks with stars like Julia Garner Margot Robbie and even Seth Rogen turning up in pretty pastels. A few men sported oversized fabric boutonnires and there were plenty of ruffles and sequins added to otherwise classic silhouettes. Story continues below advertisement A Lookahead to the Golden Globes red carpet Who else decided to take a stroll down the 2023 Golden Globes red carpet Keep scrolling to see some of the best celebrity looks from the show
26,NYU's Wagner Grad School to compile 'after-action report' on Buffalo snow response,"After a blizzard left 39 dead, the City of Buffalo announced that New York University will conduct an â€œafter-action reportâ€ about the regionâ€™s response to the storm.",2023-01-02T15:27:59Z,https://abcnews.go.com/US/nyu-review-buffalos-blizzard-response-after-storm-leaves/story?id=96072597,After a blizzard left 39 people dead across New Yorks Erie County the City of Buffalo announced that New York University will conduct an afteraction report about the regions response to the storm according to Buffalo Mayor Bryon Brown. NYUs Robert F. Wagner Graduate School of Public Service will review the storm preparation response and recovery to outline best practices for other major cities as well as offer Buffalo feedback according to Brown. The City of Buffalo is resolved to learn from this storm and make additional improvements in how we respond to future extreme winter snow storms Brown wrote in a statement. The deadly blizzard devastated the region killing at least 39 requiring residents to stay off roads for nearly a week and cutting off residents from emergency services at the storms peak. There is no guarantee that in a life threatening emergency situation that theyre going to be able to respond immediately Erie County Executive Mark C. Poloncarz said at a Dec. 24 press conference adding that the most affected areas would have no emergency services at all. At the time of the press conference twothirds of emergency vehicles were stuck in the snow. Nobody would come. As the New York National Guard including military police moved to Buffalo to help with recovery efforts many residents were left to fend for themselves and their communities. Nobody would come Buffalo resident Tayron Knight said when explaining how he got stuck on Niagara Falls Boulevard. I called the police numerous times the police told me I was on a waiting list that they couldnt see nobody out. Another resident Eddie Porter explained how he got stuck on the road during the storm for 28 hours. His calls to police were left unanswered he said. He noted that he called police on Dec. 23 and eventually heard back on Dec. 29. You ever felt that youre going to die and you cant do nothing about it I thought it was over like it was going to be You ever felt that youre going to die and you cant do nothing about it Porter asked in an emotional interview with ABC News. Instead of being rescued by police Porter was rescued by William Kless a local resident who spent days saving an estimated fifty residents on his snowmobile. If he hadnt been there I dont know what I was gonna do Porter said. In an interview with ABC News Kless said he ended up helping residents get to shelters transporting dogs and cats transporting supplies and even helping a man get critical dialysis treatments after being stuck in his car for 17 hours. In person over social media or via calls with police Kless learned information about the needs in the community and offered doortodoor to help he said. There were so many calls that emergency services were canceled you know theres so many people left helpless not realizing when theyre going to be able to get help Kless said. Kless added that he communicated with Buffalo police when they could not safely get to a location with their vehicles. It was just like a search and rescue he said. The Buffalo police were involved because they couldnt get down on the streets. During a Dec. 24 press conference Poloncarz flagged the lack of vehicle mobility as an issue since the county city and state lacked snowmobiles and relied on traditional emergency response vehicles and National Guard Humvees. Knight said he was eventually rescued by a friend after which he began to work with friends and family to coordinate rescues in the absence of emergency services. We started going around helping everybody in the city of Buffalo as many people as we can Knight said. We had put up our numbers so if anybody that was trapped or had no power or in desperate need of emergency if they needed any help that wasnt getting any help from the city of Buffalo they could give us a call. Knight estimated they received hundreds of calls to the point where they had to triage responses based on the highestpriority emergencies. Looking back on their experience with the storm Kless Knight and Porter each flagged issues with the citys response. We didnt see any paramedics any police any firemen any emergency response teams at all Kless said. It was literally they didnt come out till about the day after once the storm and everything calmed down. Porter added that he was frustrated by the lack of emergency response in some communities within Buffalo believing the city dropped the ball for the east side a largely African American area where casualties from the storm were common. Lets be clear that was one of the reasons it was so tragic. Porter said Knight said he believes that not only should Buffalo have been better prepared but that the city could have saved lives if it had its act together. They knew everything was happening days beforehand they were warned and knew how bad the storm was going to be he said. They should have had the right personnel on hand. At one point Poloncarz publicly called out Buffalo for its embarrassing response before eventually apologizing for his statements. Storm after storm after storm after storm the city unfortunately is the last one to be open. And that shouldnt be the case he said. Its embarrassing to tell the truth. He added that Erie County took over operations for one third of the city. Residents said theyve been left with traumatic repercussions of the storm an unprecedented death toll and feelings of regret about what could have been done regardless of who was to blame. Most of this could have been prevented as far as fatalities Knight said. ABC News Alex Faul Will McDuffie and Brian Hartman contributed to this report.
27,Everyday Carry: Mission,"Kershaw Kapsule Knife / $43. Warby Parker Aviator Sunglasses / $145. Casio G-Shock x Bamford Watch / $1,914. Sacai x Porter Nylon Trifold Wallet / $310....",2023-01-02T20:00:00Z,https://uncrate.com/everyday-carry-mission/,Everyday Carry Mission Kershaw Kapsule Knife 43. Warby Parker Aviator Sunglasses 145. Casio GShock x Bamford Watch 1914. Sacai x Porter Nylon Trifold Wallet 310. Kershaw Kapsule Knife 43. Warby Parker Aviator Sunglasses 145. Casio GShock x Bamford Watch 1914. Sacai x Porter Nylon Trifold Wallet 310. Combining a sculpted silhouette and advanced technology the Kohler Veil creates an intuitive personalized experience of comfort and cleanliness. The smart toilet boasts upscale functionality with luxury features that include automatic open close and flush functions and a builtin nightlight. A touchscreen remote allows for complete personalization while a heated seat and dryer take the experience to a new level. Its compact onepiece design elevates personal cleansing with a bidet and enhances bathroom aesthetics with its sleek sculpted form. Presented by Kohler. Presented by Kohler. A healthy mouth goes beyond just brushing. For optimum oral health care flossing and rinsing are also a must. Quip helps build better habits with its collection of sleek effective products. The first line of defense is their Electric Toothbrush with sonic vibrations. It ensures every inch of your mouth is clean with a 2minute timer with 30second pulses and comes with a multiuse cover that mounts to mirrors and doubles as a stand or travel case. Follow up with the rechargeable cordless water flosser that blasts away plaque with two pressure modes threehundredsixtydegree rotation and magnetic floss tip. For those who prefer picks there are also refillable string options. Complete the routine with a mouthwash thats a 4times concentrate and comes in an attractive refillable dispenser while the sugarfree gum with longlasting mint flavor keeps breath fresh throughout the day. An ideal gift Quip is offering 20 off select items and free basic shipping over 50 until December 11. Presented by Quip. Presented by Quip. Elevate your sock drawer with over two weeks worth of fresh options. The London Sock Co. Simply Sartorial Collection includes 15 pairs of premium socks to upgrade outfits with bold and refined colors. Theyre crafted from the brands signature stretchfit cotton blend combining Scottish Lisle cotton polyamide and elastane for comfort and security. To produce socks that last longer and look better each pair is made using advanced knitting methods and is handfinished ensuring 100 sock satisfaction. Presented by London Sock Co. Presented by London Sock Co. It sounds too good to be true double the power yet longer battery life all in a razorthin design. Yet thats the promise of the Dell XPS 13 Plus laptop. Its powered by 12th Gen Intel Core Processors that combine with the latest battery tech to deliver up to 13 hours of battery life depending on screen configuration. ExpressCharge provides up to an 80 charge in just an hour over one of the two Thunderbolt 4 ports while the screen can be equipped with FHD OLED or 4K options and stretches edge to edge. The zerolattice keyboard also stretches edgetoedge with a backlit touch function row at the top and a seamless glass touchpad below. Overall the notebook weighs as little as 2. 71 lbs. and measures just 0. 60 thick making it effortless to take all that power on the go. Presented by Dell. Presented by Dell.
28,"JPMorgan, Deutsche Bank seek dismissal of lawsuits by Jeffrey ... - Reuters","JPMorgan Chase & Co <a href=""https://www.reuters.com/companies/JPM.N"" target=""_blank"">(JPM.N)</a> and Deutsche Bank AG <a href=""https://www.reuters.com/companies/DBKGn.DE"" target=""_blank"">(DBKGn.DE)</a> asked a U.S. judge to dismiss lawsuits by women who accuâ€¦",2022-12-31T15:15:00Z,https://www.reuters.com/world/us/jpmorgan-deutsche-bank-seek-dismissal-lawsuits-by-jeffrey-epstein-accusers-2022-12-31/,JPMorgan Deutsche Bank seek dismissal of lawsuits by Jeffrey Epstein accusers NEW YORK Dec 31 Reuters JPMorgan Chase Co JPM. N and Deutsche Bank AG DBKGn. DE asked a U. S. judge to dismiss lawsuits by women who accused Jeffrey Epstein of sexual abuse and said the banks enabled and ignored red flags about the late financiers sex trafficking. The banks in papers filed on Friday night in Manhattan federal court said they did not participate in or benefit from sex trafficking by their former client and that the unnamed women failed to allege violations of a federal antitrafficking law. The banks also said they had no duty to protect the women from Epstein and did not cause his abuses requiring the dismissal of claims under a new law in New York that lets abuse victims sue even if statutes of limitations have expired. Jane Doe 1 is a survivor of Epsteins sexual abuse and she is entitled to justice but filed meritless claims against the wrong party JPMorgan said in its filing. A lawyer for the women says the facts as described in their complaints speak for themselves. We are disappointed in the banks continuing effort to avoid taking responsibility for their role in the expansion and perpetuation of Jeffrey Epsteins sex trafficking ring David Boies the lawyer said in a statement to Reuters. Both lawsuits seek classaction status and unspecified damages. They were filed on Nov. 24 by lawyers who have represented many Epstein accusers. Epstein killed himself in a Manhattan jail cell in August 2019 while awaiting trial on sex trafficking charges. Epstein was a JPMorgan client from about 2000 to 2013 and a Deutsche Bank client from 2013 to 2018 court papers show. The JPMorgan plaintiff is a former ballet dancer who said Epstein abused and trafficked her from 2006 to 2013 while the Deutsche Bank plaintiff said she suffered from similar misconduct between 2003 and 2018. Both said numerous cash payments from the banks were used to pay Epsteins victims. New York states financial regulator in July 2020 fined Deutsche Bank 150 million over its relationship with Epstein. On Tuesday the U. S. Virgin Islands where Epstein had a home sued JPMorgan saying the bank turned a blind eye to his trafficking while providing banking services. The cases are Jane Doe 1 v Deutsche Bank AG et al U. S. District Court Southern District of New York No. 2210018 and Jane Doe 1 v JPMorgan Chase Co in the same court No. 2210019. Our Standards The Thomson Reuters Trust Principles.
29,"Steelers' Franco Harris, who made the 'Immaculate Reception' dies ... - Reuters","Franco Harris, the Pittsburgh Steelers running back who caught what became known as the 'Immaculate Reception' has died, said the Pro Football Hall of Fame on Wednesday. He was 72.",2022-12-21T14:38:00Z,https://www.reuters.com/lifestyle/sports/steelers-franco-harris-who-made-immaculate-reception-dies-72-2022-12-21/,Franco Harris who made Immaculate Reception dies at 72 Dec 21 Reuters Franco Harris the Pittsburgh Steelers running back who caught what became known as the Immaculate Reception has died aged 72 the Pro Football Hall of Fame said on Wednesday. Harris rushed for 12120 yards in 13 NFL seasons and won four Super Bowl rings with the Steelers but it was a single catch off a ricocheted pass from Terry Bradshaw that turned into a gamewinning 60yard touchdown that is the signature moment in a Hall of Fame career. That catch on Dec. 23 1972 at Three Rivers Stadium helped the Steelers to their firstever playoff win a 137 victory over the Oakland Raiders and has become NFL folklore known by American gridiron fans as the Immaculate Reception. Pittsburgh is scheduled to celebrate the 50th anniversary of the Immaculate Reception on Saturday when the Steelers host the Las Vegas Raiders on Christmas Eve when Harriss famous number 32 is to be retired. We have lost an incredible football player an incredible ambassador to the Hall and most importantly we have lost one of the finest gentlemen anyone will ever meet Hall of Fame president Jim Porter said in a statement. Harris was first selection for the Steelers in the 1972 draft and quickly established himself as one of the NFLs best running backs rushing for more than 1000 yards to claim rookie of the year honours. He rushed for 1000 yards or more eight times and more than 100 yards in 47 games earning nine selections to the Pro Bowl. It is difficult to find the appropriate words to describe Franco Harris impact on the Pittsburgh Steelers his team mates the city of Pittsburgh and Steelers Nations said Steelers president Art Rooney II. From his rookie season that included the Immaculate Reception through the next 50 years Franco brought joy to people on and off the field. STEELERS DYNASTY Harris was a cornerstone of the Steelers dynasty that won four Super Bowls in the 1970s. In Super Bowl IX when the Steelers won their firstever league title with a 166 victory over Minnesota Harris rushed for 158 yards compared to 17 yards for the entire Viking team. He was named the games Most Valuable Player. He meant so much to Steelers fans as the Hall of Fame running back who helped form the nucleus of the teams dynasty of the 70s but he was much more NFL commissioner Roger Goodell said in a statement. Franco changed the way people thought of the Steelers of Pittsburgh and of the NFL. Harriss death triggered an outpouring of grief across the worlds of sport entertainment and politics. President Joe Biden recalled that after the car crash 50 years ago that killed his first wife and infant daughter and badly injured his two young sons Harris and other Steelers players came to the hospital. Say the name Franco Harris and most everyone talks about the catch the Super Bowls and the glory he brought to the game of football Biden said. But in the fifty years we bonded as friends I always talked about his character and compassion. I know there will also be countless families like mine that will remember him for all that he did to lift our spirits when we needed it in the most quiet personal and American of ways. Our Standards The Thomson Reuters Trust Principles.
